﻿Designator,Footprint,Quantity,Value,LCSC Part #
"BOOT1, RST1",SW_SPST_TL3342,2,SW_SPST,
"C1, C2",0402,2,0.1uF,C307331
"C10, C11, C12, C3, C6, C8, C9",0402,7,100nF,C307331
"C13, C14, C15, C16, C17, C18, C19, C20, C21, C22, C23, C24, C25, C26, C27, C28, C29, C30, C31, C32, C33, C34, C35, C36, C37, C38, C39, C40, C41, C42, C43, C44, C45, C46, C47",0402,35,0.1uF,
"C4, C5",0402,2,1uF,C307331
C7,0603,1,10uF,C307331
"D1, D10, D11, D12, D13, D14, D15, D16, D17, D18, D19, D2, D20, D21, D22, D23, D24, D25, D26, D27, D28, D29, D3, D30, D31, D32, D33, D34, D35, D4, D5, D6, D7, D8, D9",D_SOD-123,35,D,
F1,1206,1,500mA,C135341
J1,USB_C_Receptacle_HRO_TYPE-C-31-M-12,1,USB_C_Receptacle_USB2.0,
J2,PinHeader_1x04_P2.54mm_Vertical,1,Conn_01x04,
J3,PinHeader_1x05_P2.54mm_Vertical,1,Conn_01x05,
"R1, R2, R3, R4",0402,4,5.1k,
"R5, R6",0402,2,4.7k,
"RGB1, RGB10, RGB11, RGB12, RGB13, RGB14, RGB15, RGB16, RGB17, RGB18, RGB19, RGB2, RGB20, RGB21, RGB22, RGB23, RGB24, RGB25, RGB26, RGB27, RGB28, RGB29, RGB3, RGB30, RGB31, RGB32, RGB33, RGB34, RGB35, RGB4, RGB5, RGB6, RGB7, RGB8, RGB9",LED_choc_6028R,35,WS2812B,
"SW1, SW15, SW16, SW2, SW22, SW23, SW29, SW30, SW8, SW9",SW_SPST_Omron_B3F-50xx,10,SW_SPST,
"SW10, SW11, SW12, SW13, SW14, SW17, SW18, SW19, SW20, SW21, SW24, SW25, SW26, SW27, SW28, SW3, SW31, SW32, SW33, SW34, SW35, SW4, SW5, SW6, SW7",ROT_Alps_EC11E-Switch,25,EC11,
U1,LQFP-100_14x14mm_P0.5mm,1,STM32G474VETx,
U2,SOT-363_SC-70-6_Handsoldering,1,TXB0101,C324081
U3,SOT-23,1,XC6206PxxxMR-Regulator_Linear,C5446
U4,SOT-143,1,PRTR5V0U2X,C2827688
